Name,Label
SS124,0
SS672,0
SS730,0
SS054,0
SS099,0
SS719,0
SS790,0
SS940,0
SS1201,0
SS880,0
SS511,0
SS296,0
SS1203,0
SS1124,0
SS899,0
SS915,0
SS1117,0
SS154,0
SS1118,0
SS122,0
SS1070,0
SS804,0
SS1062,0
SS1143,0
SS1259,0
SS754,0
SS1242,0
SS573,0
SS1127,0
SS1102,0
SS604,0
SS193,0
SS845,0
SS087,0
SS192,0
SS1176,0
SS401,0
SS349,0
SS837,0
SS1066,0
SS1129,0
SS1233,0
SS1086,0
SS1170,0
SS1167,0
SS1183,0
SS1073,0
SS1271,0
SS1128,0
SS1205,0
SS1094,0
SS491,0
SS1244,0
SS501,0
SS1169,0
SS1184,0
SS966,0
SS1023,0
SS088,0
SS329,0
SS873,0
SS598,0
SS1103,0
SS532,0
SS1115,0
SS953,0
SS224,0
SS865,0
SS014,0
SS1046,0
SS201,0
SS392,0
SS684,0
SS829,0
SS1264,0
SS1266,0
SS108,0
SS835,0
SS1191,0
SS1192,0
SS1228,0
SS1022,0
SS1179,0
SS1207,0
SS207,0
SS1067,0
SS1107,0
SS1217,0
SS1189,0
SS060,0
SS429,0
SS211,0
SS134,0
SS1221,0
SS1087,0
SS1239,0
SS881,0
SS688,0
SS1158,0
SS1105,0
SS229,0
SS1188,0
SS312,0
SS711,0
SS043,0
SS551,0
SS249,0
SS1113,0
SS871,0
SS260,0
SS384,0
SS1163,0
SS1274,0
SS037,0
SS016,0
SS1093,0
SS669,0
SS1226,0
SS1082,0
SS324,0
SS1052,0
SS738,0
SS1051,0
SS828,0
SS1148,0
SS1108,0
SS1114,0
SS1155,0
SS1168,0
SS1149,0
SS506,0
SS1036,0
SS657,0
SS191,0
SS947,0
SS1270,0
SS1251,0
SS402,0
SS212,0
SS1035,0
SS494,0
SS798,0
SS416,0
SS933,0
SS579,0
SS505,0
SS606,0
SS1095,0
SS1231,0
SS996,0
SS1088,0
SS437,0
SS1182,0
SS987,0
SS219,0
SS930,0
SS130,0
SS774,0
SS1026,0
SS1177,0
SS280,0
SS662,0
SS1039,0
SS1100,0
SS1157,0
SS741,0
SS1045,0
SS486,0
SS976,0
SS1245,0
SS1237,0
SS180,0
SS1122,0
SS1236,0
SS1027,0
SS426,0
SS1121,0
SS1196,0
SS637,0
SS517,0
SS1146,0
SS853,0
SS1212,0
SS1144,0
SS927,0
SS597,0
SS639,0
SS1186,0
SS1204,0
SS894,0
SS766,0
SS1072,0
SS1137,0
SS1185,0
SS1098,0
SS1138,0
SS1076,0
SS991,0
SS1133,0
SS1017,0
SS986,0
SS1018,0
SS990,0
SS1235,0
SS1006,0
SS1077,0
SS1014,0
SS1001,0
SS1079,0
SS992,0
SS1209,0
SS1140,0
SS1141,0
SS1181,0
SS993,0
SS1142,0
SS977,0
SS1210,0
SS866,0
SS1021,0
SS623,0
SS1116,0
SS1206,0
SS1211,0
SS1145,0
SS1024,0
SS842,0
SS136,0
SS1099,0
SS1286,1
SS1288,1
SS1287,1
SS780,1
SS920,1
SS337,1
SS182,1
SS463,1
SS849,1
SS531,1
SS1043,1
SS544,1
SS433,1
SS870,1
SS661,1
SS705,1
SS941,1
SS072,1
SS1227,1
SS1038,1
SS755,1
SS889,1
SS811,1
SS1178,1
SS101,1
SS717,1
SS366,1
SS167,1
SS346,1
SS174,1
SS548,1
SS627,1
SS745,1
SS626,1
SS558,1
SS482,1
SS1281,1
SS1198,1
SS1275,1
SS1160,1
SS039,1
SS776,1
SS1136,1
SS1109,1
SS342,1
SS046,1
SS727,1
SS1243,1
SS010,1
SS1134,1
SS1180,1
SS1091,1
SS1200,1
SS1250,1
SS006,1
SS1125,1
SS1085,1
SS1232,1
SS1197,1
SS1106,1
SS1193,1
SS924,1
SS692,1
SS1283,1
SS1131,1
SS1267,1
SS1268,1
SS339,1
SS1240,1
SS1248,1
SS1265,1
SS1214,1
SS1246,1
SS949,1
SS706,1
SS425,1
SS391,1
SS301,1
SS327,1
SS185,1
SS528,1
SS721,1
SS320,1
SS629,1
SS510,1
SS584,1
SS791,1
SS424,1
SS411,1
SS722,1
SS758,1
SS552,1
SS293,1
SS851,1
SS064,1
SS332,1
SS788,1
SS041,1
SS183,1
SS004,1
SS459,1
SS728,1
SS1032,1
SS709,1
SS484,1
SS300,1
SS533,1
SS455,1
SS158,1
SS537,1
SS1053,1
SS971,1
SS206,1
SS269,1
SS450,1
SS148,1
SS478,1
SS385,1
SS058,1
SS264,1
SS055,1
SS773,1
SS218,1
SS175,1
SS389,1
SS803,1
SS675,1
SS360,1
SS423,1
SS467,1
SS1055,1
SS223,1
SS1056,1
SS674,1
SS052,1
SS799,1
SS379,1
SS590,1
SS618,1
SS1213,1
SS751,1
SS479,1
SS077,1
SS928,1
SS091,1
SS267,1
SS172,1
SS460,1
SS608,1
SS1057,1
SS594,1
SS290,1
SS496,1
SS171,1
SS444,1
SS862,1
SS1034,1
SS955,1
SS126,1
SS1084,1
SS950,1
SS255,1
SS487,1
SS676,1
SS018,1
SS305,1
SS1061,1
SS322,1
SS715,1
SS988,1
SS1050,1
SS553,1
SS648,1
SS125,1
SS840,1
SS1285,1
SS356,1
SS364,1
SS746,1
SS049,1
SS964,1
SS1029,1
SS575,1
SS497,1
SS913,1
SS910,1
SS176,1
SS965,1
SS1164,1
SS375,1
SS073,1
SS906,1
SS065,1
SS079,1
SS040,1
SS278,1
SS673,1
SS1065,1
SS298,1
SS592,1
SS1253,1
SS152,1
SS878,1
SS864,1
SS516,1
SS265,1
SS215,1
SS436,1
SS445,1
SS513,1
SS1269,1
SS196,1
SS350,1
SS960,1
SS916,1
SS820,1
SS453,1
SS1154,1
SS283,1
SS855,1
SS969,1
SS929,1
SS678,1
SS1120,1
SS368,1
SS466,1
SS1119,1
SS245,1
SS763,1
SS284,1
SS1069,1
SS1048,1
SS168,1
SS471,1
SS1049,1
SS377,1
SS241,1
SS1081,1
SS1230,1
SS1229,1
SS1174,1
SS1083,1
SS1054,1
SS770,1
SS984,1
SS1254,1
SS647,1
SS863,1
SS353,1
SS867,1
SS686,1
SS834,1
SS614,1
SS473,1
SS123,1
SS653,1
SS565,1
SS078,1
SS076,1
SS103,1
SS850,1
SS912,1
SS541,1
SS200,1
SS1175,1
SS026,1
SS323,1
SS483,1
SS093,1
SS691,1
SS577,1
SS1171,1
SS1047,1
SS435,1
SS839,1
SS449,1
SS797,1
SS602,1
SS097,1
SS967,1
SS687,1
SS299,1
SS262,1
SS668,1
SS092,1
SS848,1
SS050,1
SS580,1
SS726,1
SS328,1
SS869,1
SS807,1
SS1255,1
SS556,1
SS685,1
SS750,1
SS258,1
SS465,1
SS748,1
SS162,1
SS667,1
SS128,1
SS815,1
SS789,1
SS693,1
SS1037,1
SS743,1
SS233,1
SS231,1
SS268,1
SS117,1
SS263,1
SS882,1
SS831,1
SS085,1
SS044,1
SS1044,1
SS431,1
SS133,1
SS610,1
